peak_name,storage_path
Pica d'Estats,images/01_pica_destats.jpg
Pedraforca,images/02_pedraforca.jpg
Puigmal,images/03_puigmal.jpg
Bastiments,images/04_bastiments.jpg
Tossa Plana de Lles,images/05_tossa_plana_de_lles.jpg
Puigpedrós,images/06_puigpedros.jpg
Pic de Comaloforno,images/07_comaloforno.jpg
Besiberri Sud,images/08_besiberri_sud.jpg
Punta Alta de Comalesbienes,images/09_punta_alta_de_comalesbienes.jpg
Tuc de Molières,images/10_tuc_de_molieres.jpg
Montardo,images/11_montardo.jpg
Els Encantats,images/12_els_encantats.jpg
Pic de Sotllo,images/13_pic_de_sotllo.jpg
Montsent de Pallars,images/14_montsent_de_pallars.jpg
Pic de Certascan,images/15_pic_de_certascan.jpg
Pic de Salòria,images/16_pic_de_saloria.jpg
Comabona,images/17_comabona.jpg
Penyes Altes de Moixeró,images/18_penyes_altes_de_moixero.jpg
Puigllançada,images/19_puigllancada.jpg
Costabona,images/20_costabona.jpg
el Taga,images/21_taga.jpg
Puigsacalm,images/22_puigsacalm.jpg
Matagalls,images/23_matagalls.jpg
Turó de l'Home,images/24_turo_de_lhome.jpg
Les Agudes (Massís del Montseny),images/25_les_agudes.jpg
Sant Jeroni (el Bruc),images/26_sant_jeroni.jpg
La Mola (Sant Llorenç del Munt),images/27_la_mola.jpg
Montcau (Sant Llorenç del Munt),images/28_montcau.jpg
Mont Caro,images/29_mont_caro.jpg
Puig de Bassegoda,images/30_bassegoda.jpg
