name,altitude,latitude,longitude
Pica d'Estats,3143,42.666946,1.397888
Pic de Comaloforno,3029,42.591382,0.827834
Besiberri Sud,3023,42.593797,0.825995
Punta Alta de Comalesbienes,3014,42.585692,0.880299
Tuc de Molières,3010,42.62947,0.698561
Besibèrri Nòrd,3008,42.605266,0.826303
Pic Rodó de Canalbona,3004,42.662622,1.401648
Punta de Passet,2997,42.589406,0.827135
Besiberri del Mig,2995,42.599909,0.824942
Pic de Comalesbienes,2993,42.583996,0.878663
Pic d'Abellers,2983,42.594889,0.820485
Pic de la Pala Alta de Sarradé,2983,42.574731,0.890942
Pic de Peguera,2982,42.540532,1.011946
Punta de Lequeutre,2966,42.587363,0.827681
Pic de Canalbona,2965,42.656675,1.405924
Pic de Contraix,2958,42.585254,0.906917
Pic dels Estanys,2956,42.666464,1.37075
Punta Senyalada,2952,42.591391,0.808468
Pic de Subenuix,2950,42.554947,0.979381
Pic de Sarradé,2942,42.578398,0.911679
Pic de Baborte,2933,42.657478,1.367068
Gran Tuc de Colomèrs,2933,42.58939,0.937807
Roca Entravessada,2928,42.598405,1.442198
Puigpedrós,2915,42.487593,1.761896
Pic de la Mainera,2909,42.524495,1.027162
Monteixo,2905,42.601739,1.361638
Tuc de Saburó,2905,42.535087,1.018914
Pic dels Vidals,2903,42.534651,0.99796
Pic Morto,2902,42.553943,0.987306
Pica Roja,2901,42.624952,1.420428
Gran Pic del Pessó,2894,42.50949,0.924078
la Creu de Colomers,2894,42.593352,0.917871
Montsaliente,2890,42.603116,1.008677
Tuc des Estanhets,2886,42.61927,0.80699
Pic Tort,2886,42.533771,0.988843
Punta d'Harlé,2885,42.610419,0.842594
Tossal Pla,2883,42.614923,0.812763
Pala Pedregosa de Llessui,2882,42.516302,1.023074
Pic Inferior de Subenuix,2881,42.559922,0.97961
Tuc de Maubèrme,2881,42.793755,0.917142
Pic de Sobremonestero,2879,42.544044,0.994907
Tuc Blanc,2879,42.591042,0.93055
Pic de Monestero,2877,42.546919,1.018856
Pic de la Pala Gespadera,2876,42.572502,0.881916
Pic de Baserca,2872,42.587155,0.79983
Pui de Linya,2869,42.566007,1.043239
Mont-roig,2864,41.903022,0.878651
Montorroio,2862,42.50314,1.03112
el Pa de Sucre,2862,42.61358,0.846435
Tuc de Ratèra,2861,42.601367,0.95338
Agulla de Baiau,2860,42.590289,1.434162
Pic de Gerri,2859,42.597553,1.394231
Pic de Certascan,2853,42.71201,1.277656
Pic de Ventolau,2851,42.690664,1.190428
Pic d'Amitges,2848,42.6091,0.986762
Tuc Inferior de Saburó,2847,42.537986,1.021988
Tossal Bovinar,2842,42.46276,1.631683
Tossau deth Lac Tòrt,2842,42.61952,0.812993
Pic de Mar,2841,42.538605,0.998515
Certascan Nord,2839,42.714089,1.278136
Tosseta de l'Esquella,2835,42.489778,1.727052
Montardo,2833,42.633337,0.875341
Pui Pla,2831,42.595584,1.006382
Pics de Comalespada,2830,42.594012,0.878774
Pic de Saboredo,2829,42.607936,0.980997
Pic de Palomer,2828,42.594238,1.401861
Pic de Norís,2828,42.604135,1.375643
Pic del Cap d'Estany Roi,2827,42.585547,0.800496
Pic de Xemeneies,2827,42.621761,1.006827
Pic Superior de la Vaca,2820,42.416598,2.201573
Pic de l'Estany Fondo,2815,42.653489,1.394427
Pic de Morrano,2813,42.524556,0.94357
Tuc dera Canau de Rius,2812,42.610783,0.821857
los Tres Puis,2811,42.617113,1.000574
Bony del Manyer,2809,42.473678,1.73302
Pic de la Fossa del Gegant,2807,42.41733,2.190491
Pic de Dellui,2802,42.538632,0.953665
les Picardes,2802,42.527219,1.052656
Cap de Reguera,2800,42.518123,0.944876
Roc de Lliçà,2800,42.474111,1.723331
Tossal des Mussoles,2800,42.518431,0.927495
Pic d'Areste,2799,42.63969,1.396161
Noucreus,2798,42.418222,2.180403
Pic Petit del Pessó,2792,42.503442,0.917341
Cim Alt de les Arques,2791,42.410439,2.188963
Tuc des Carants,2791,42.514065,0.903331
Cap de la Pala Alta d'Estany Llong,2790,42.581861,0.941796
Pic d'Escorbes,2788,42.598395,1.411287
Pic de Salòria,2788,42.514458,1.38515
Tuc de Conangles,2784,42.626932,0.805051
els Rocs Blancs,2783,42.275513,2.198275
Rocs Blancs,2783,42.464191,1.621045
Tumeneia,2783,42.61803,0.851818
Tuc del Port de Caldes,2783,42.616185,0.894542
Bony de les Picardes,2782,42.531077,1.056615
Cim Baix de les Arques,2782,42.409324,2.187944
Pic de Flamisella,2782,42.712764,1.261394
Muntanyó,2781,42.53093,1.044797
Pic de Comaltes,2781,42.570753,0.87352
Tuc de Contesa,2779,42.615521,0.788578
la Torre de Cabús,2778,42.527446,1.407157
Pui de la Bonaigua,2778,42.627204,1.019494
Tuc de Lluçà,2777,42.610309,0.901153
el Castell de Rus,2776,42.491668,0.924035
Pic de l'Estanyet,2776,42.497217,0.919665
Pic de la Lleia,2775,42.714725,1.260692
la Mugueta,2773,42.475942,1.66816
Tossal de Paiasso,2772,42.472942,0.930323
Tossal de la Montanyeta,2771,42.55581,0.967587
Agulles de Monestero,2766,42.556547,0.99045
Pic de Moredo,2765,42.718948,1.049918
Pic de Pedres Blanques,2765,42.65009,1.373117
Tossal d'Escobedieso,2763,42.593854,0.789941
Pic dels Tres Estanys,2763,42.685319,1.190632
Bassiets,2762,42.526611,1.394455
Tuqueta de Saboredo,2761,42.611112,0.984966
Monturull,2760,42.450169,1.581235
Cap de les Raspes Roies,2758,42.476819,0.890086
Pic de la Gallina,2756,42.701172,1.176143
Penyes de Salado,2755,42.51412,0.949146
Bony Blanc,2755,42.532821,0.896323
Pic Major de la Gallina,2754,42.697913,1.175067
Pic de Travessani,2754,42.611878,0.891432
Pica de Cerví,2754,42.452952,0.879238
Pic de Perafita,2753,42.459192,1.585507
Cim de Costa Blava,2752,42.689813,1.196398
Pic de la Tallada Llarga,2750,42.608037,0.908885
Pic Roi,2750,42.565205,0.79819
Tossau de Mar,2749,42.629834,0.827839
Modalons d'en Sobirana,2749,42.424524,2.230707
Gran Encantat,2748,42.568409,1.014838
Cim de l'Ortigar,2748,42.385958,2.130833
Agulles de Bassiero,2747,42.601926,0.997732
Cap de les Pales del Planell Gran,2746,42.564849,0.911912
Punta Sageta,2744,42.605888,0.975175
Pic de Vallpeguera,2742,42.592764,1.421534
Pic Fosser,2742,42.519441,0.968803
Cim de la Coma del Clot,2739,42.396615,2.185216
Tuc de Moró,2739,42.481951,0.905267
Puis de Gerber,2738,42.617965,0.982916
lo Vedo,2737,42.694401,1.19209
la Carbassa,2736,42.452908,1.727045
Petit Encantat,2734,42.569886,1.016411
Pic del Portarró,2734,42.583753,0.970128
Pic de Guerossos,2733,42.702978,1.281825
Tuc de Parros,2731,42.767785,0.933058
Tuc de la Mina,2731,42.493598,0.933657
Tossalet de la Coma,2731,42.496449,1.022763
Tuc de Pòdo,2728,42.597875,0.935955
Puig de Fontnegra,2727,42.403183,2.181778
Cim de la Costa de Montmajor,2724,42.480603,1.755975
Bony Negre,2724,42.528622,0.898144
Tuc des Costes,2723,42.51999,0.8969
Tossal de la Mina,2723,42.495889,0.753056
Tuc de Bonabé,2720,42.713287,1.038006
Cap de Broate,2717,42.689397,1.361044
Gra de Fajol,2714,42.415478,2.247748
les Agudes,2714,42.598553,1.027569
el Gra de Fajol,2714,42.257241,2.441645
Torreneules,2713,42.390929,2.196237
Pic de Sudorn,2711,42.535047,1.048553
Cap de Crabes,2709,42.588085,0.965587
Pic de Calberante,2708,42.690263,1.182151
Tuc Gran de Sendrosa,2702,42.623943,0.946861
lo Tésol,2699,42.608398,1.039254
Tuc des Monges,2698,42.622448,0.86603
Pic dels Feixans del Prat,2696,42.56361,0.994719
Pic de la Bassera,2693,42.535388,1.413567
les Borregues,2692,42.396349,2.247709
Cap de Pletamala,2692,42.56221,0.908394
Tuc de Montoliu,2691,42.783207,0.935858
Pic de Bacivers,2691,42.437413,2.261054
Pic de Llats,2689,42.643676,1.371699
Roca Blanca,2688,40.74632,0.344212
Agulla de Saboredo,2686,42.612428,0.976341
Pic de Llena,2686,42.446898,0.917903
Pic del Clot d'Espós,2685,42.556225,0.791088
Pic de la Coma del Forn,2684,42.677918,1.190188
Cap des Cometes,2681,42.523324,0.895083
la Tosseta,2680,42.003206,0.713601
Agulla de Guerossos,2680,42.704874,1.281553
Pic de Marimanya,2679,42.709224,1.012308
Tuc de Ribereta,2675,42.626158,0.895242
Agulla del Portarró,2675,42.571724,0.980423
Tuc de la Montanyeta,2674,42.552876,0.952518
Cim del Borrut,2669,42.375719,2.121439
Tossal de Rus,2667,42.485146,0.921477
Roca Cigalera,2667,42.651014,1.330932
Tuc de Marterat,2666,42.713966,1.252189
Agulles d'Amitges,2661,42.603031,0.984251
Tossa del Pas dels Lladres,2661,42.373776,2.08945
el Castellet de Moró,2661,42.488828,0.902604
Tuc de la Llança,2658,42.684089,0.990517
Tuc de Tòrt,2656,42.630595,0.804007
Pica Cerví de Durro,2656,42.461234,0.866419
Pic de Locampo,2655,42.628469,0.978016
Pic de Sabollés,2655,42.69203,1.273008
Tres Pics,2652,42.645082,1.352267
Pic de Pilàs,2652,42.682847,1.131507
Pic de Munyidor,2649,42.560215,0.792518
Pic de Gueron,2647,42.699343,1.282634
lo Pinetó,2646,42.599101,1.039534
Bony del Graller,2645,42.52734,0.917728
Tuc de Bacivèr,2645,42.712648,0.991782
Pic de Serós,2643,42.629319,0.982305
Pic de la Roia de Mollàs,2643,42.716404,1.192342
Cap dels Aspres de Broate,2641,42.688655,1.354509
Pic de Qüenca,2639,42.699824,1.054302
Tossal Esbonllat,2637,42.606942,0.84731
Pic d'Obacs,2636,42.548457,0.794065
Tuc de Sarrahèra,2634,42.644271,0.796342
Malhs de Rius,2633,42.643815,0.808226
Campirme,2632,42.659557,1.193612
lo Graller,2632,42.497603,1.035955
Cap dels Vedats d'Erta,2632,42.454137,0.852918
Pic del Coll de la Barra,2632,42.443017,1.597179
el Graller,2632,42.465751,0.849882
Tuca de Bargues,2632,42.681183,0.671718
Cap de Marimanha,2629,42.713423,1.005189
Agulles de Saboredo,2628,42.622907,0.975672
Cap de Montgosso,2626,42.779727,1.042217
Bony de la Redona,2626,42.488028,0.887045
Pic Oriental del Pinetó,2626,42.597447,1.033442
Cap del Muntanyó d'Àrreu,2626,42.680719,0.998633
Estanyardo,2625,42.684955,1.139316
Tossal de Calma,2620,42.441081,0.943859
Roc Negre,2619,42.469339,1.712894
Pic de Montarenyo,2618,42.727721,1.229036
Pic de Rosari de Baciver,2617,42.709086,1.020946
Escornacrabes,2613,42.683938,0.986556
Puig de les Gralleres,2613,42.286647,1.623845
lo Sentinella,2613,42.609673,1.377522
el Sentinella,2613,41.591294,1.823485
Pic de Serra Plana,2611,42.64104,1.221129
Pujolar de Roca Grossa,2611,42.286992,1.605402
Pui de les Ares,2611,42.632736,1.011367
Tuc del Muntanyó,2610,42.467358,0.885879
Cap de la Costa de Llats,2609,42.641628,1.372033
Cap de Canalets,2608,42.699142,1.295153
Tuc deth Pòrt de Vielha,2605,42.641891,0.76553
Tossal de la Costa,2604,42.41872,0.852001
Pic de Costa Cabirolera,2604,42.281505,1.670419
Pui del Cap de l'Estany,2603,42.717578,1.309242
Agulles de Travessani,2599,42.609079,0.887613
Pic de la Portella,2597,42.573651,1.261451
Tossal de les Tres Muntanyes,2596,42.442026,0.928824
la Muntanyeta,2594,42.467756,0.933899
Pic de Mariola,2594,42.720072,1.216637
Montarenyo de Boldís,2592,42.638017,1.307483
Pic de Soliguera,2592,42.680678,1.264901
el Salt del Sastre,2591,42.28241,1.66151
Puig de la Canal del Cristall,2588,42.283906,1.654699
Bony de l'Aigua Blanca,2586,42.459087,0.879359
el Balandrau,2585,42.370143,2.219565
Tuc de Montanèro,2585,42.648102,0.760806
Tuc des Neres,2584,42.65669,0.72003
Tuc de Bargadèra,2584,42.644258,0.812102
Roc Blanc,2583,42.462125,1.671882
Piquet de Guerossos,2583,42.704575,1.274296
Pic de Becero,2582,42.662524,1.334724
Puig de Fontlletera,2581,42.376844,2.235795
Penanera,2580,42.665162,0.684506
Torre del Trident,2577,42.434703,2.252831
la Covil,2572,42.281663,2.097545
lo Covil,2572,42.518633,1.356385
Tuc d'Auba,2571,42.673196,0.731361
Tuc del Caubo,2570,42.673246,1.263582
les Tuques,2569,42.713494,1.354646
Puig del Quer,2567,42.286351,1.651966
Gra de Fajol Petit,2566,42.413304,2.259599
Turó de Vialada,2565,42.653476,1.192336
Cim del Ras,2564,42.390798,2.180286
Tuc de Lac Redon,2563,42.641124,0.791
Torreta de Cadí,2562,42.287083,1.584198
Tuc de la Comamarja,2562,42.526437,0.878323
Pic d'Àtics,2556,42.699358,1.138972
Pic d'Estany Gémena,2553,42.575979,0.807777
lo Pilar,2551,42.586101,1.402142
Pic de la Gola,2549,42.682279,1.176684
Pic de l'Espada,2548,42.499215,0.971867
Cap de Montarenyo,2548,42.647226,1.308466
Comabona,2548,42.283688,1.726298
Roc d'Ausinsi,2545,42.647132,1.314275
Agulles de Dellui,2544,42.557622,0.944506
el Corronco,2543,42.462142,0.82849
el Castell dels Lladres,2542,42.477301,1.785677
Cap de l'Ovella,2541,42.559091,1.427986
Tuca de Salibarri,2541,42.706148,1.352349
Tuc de Pishader,2538,42.630548,0.947607
Tuc del Mont,2536,42.551244,0.805514
la Tosa,2536,41.855399,0.64061
Tuc dera Pincèla,2535,42.742881,0.875695
Tuc des Armèros,2533,42.781265,0.876901
Cap dera Aubeta,2532,42.646287,0.829779
l'Aüt,2531,42.541408,0.808708
Tuc de Saslòsses,2530,42.632195,0.900332
Pic de Comaminyana,2528,42.546783,0.796901
Eth Morret,2527,42.779467,0.915323
Tuc de Llebreta,2523,42.537912,0.894557
Tuc deth Dossau,2521,42.738442,0.996068
Roca Espana,2521,42.713886,1.216069
Puig de Font Tortera,2521,42.283306,1.719501
Pic d'Erill,2518,42.541087,0.800414
Tuc des Molassi,2518,42.644954,0.820262
Montlude,2517,42.785261,0.758715
Pic de Màniga,2517,42.505771,1.328863
Pic Salado,2512,42.506574,0.953689
Pic de Punturri,2510,42.709922,1.309743
Cap de Copiello,2508,42.563399,0.884892
Roca de l'Estany,2508,42.573684,0.99715
Pena de Fenerui,2507,42.563676,0.783333
Tuc Nere,2506,42.747826,0.859826
Pollegó Superior,2506,42.239945,1.702926
Roca Colom,2506,41.639622,2.019917
Puig de la Llosa,2504,42.423019,2.296474
l'Altar,2503,42.208106,1.498937
Pic del Turc,2502,42.664184,1.331824
Pujoalbo,2502,42.656374,0.839822
Cap de Llaveio,2501,42.566864,0.782391
Labada de Sarrahèra,2500,42.649817,0.795804
el Calderer,2500,42.239178,1.706783
la Torre de Guerossos,2500,42.706276,1.260488
Tuc de Roques Negres,2498,42.61082,0.857247
Turó des Plaus de Boldís,2496,42.638327,1.288923
Tuc de la Cigalera,2496,42.671432,0.994342
Puig de Coma Ermada,2495,42.282443,2.080105
Pedradreta,2494,42.470277,1.767955
lo Tossal,2493,41.368285,0.506763
Turó Punçó,2493,42.424575,1.600994
Tuca Blanca de Fontfreda,2493,42.644718,0.787299
Pic de la Plana,2492,42.661593,1.036668
Pic des Miques,2489,42.727773,1.072763
Roc de l'Estany Xic,2488,42.716859,1.230114
Tuc de Pomèro,2487,42.67502,0.68082
Tuca dera Aubeta,2487,42.647797,0.837241
Agulles del Mont,2486,42.548981,0.802097
Aguiló,2486,42.286302,1.716821
Tuc de Salana,2485,42.646904,0.908425
Tossal de la Sentella,2485,42.539617,0.805921
Puig de Comabella,2482,42.317739,1.902115
Tuc de Sendrosa,2482,42.648462,0.946713
Tuc de Montoliet,2477,42.64757,0.753421
Turó del Greixar,2477,42.493456,1.68828
Racó Roi,2477,42.62831,1.29899
Pica Palomèra,2477,42.796715,0.856038
Tuc dera Escaleta,2475,42.69079,0.676498
Rocs Blancs de Fontnegra,2475,42.400453,2.169127
Tuc des Crabes,2475,42.803313,0.853939
Roca de Coll Major,2475,42.451302,0.852042
la Roca Grossa,2474,42.197269,0.769714
Roca Grossa,2474,42.372217,1.137186
Pic de Planamorrons,2474,42.543082,0.774538
Cap de Vaquèira,2469,42.691924,0.974224
Bony de les Agudes,2468,42.59232,1.026961
Puig Terrers,2465,42.282495,1.738123
Costabona,2464,42.416924,2.343871
Fitero,2464,42.472028,0.955655
Cap de la Pala de Montferri,2462,42.434511,0.935564
Tuc de Saumet,2462,42.708313,0.980822
Pic de Muntanyol,2458,42.755723,1.128011
Tuc Blanc de Parros,2456,42.755139,0.92688
Roques Blanques,2456,42.545349,0.814671
Cim de la Dou,2456,42.368752,2.132564
les Roques Blanques,2456,42.278726,2.339109
Tuc de la Cima,2456,42.663964,1.213972
Turó del Clot de l'Olla,2456,42.605448,1.388262
Pic del Cabirol,2456,42.28499,1.701007
Roc de la Trona,2454,42.285772,1.674902
Pic del Muntanyó,2453,42.654645,1.034251
Roca del Viladre,2452,42.289099,1.599448
Bony de la Carma,2448,42.5753,0.825505
Pic de Sarredo,2448,42.673635,1.125437
Cap de Gelada,2448,42.521609,0.765099
lo Bony,2446,42.45976,1.237375
el Bony,2446,42.425644,1.028284
Tossal de les Roies de Cardet,2445,42.518598,0.765365
Tuc de la Cometa,2444,42.423736,1.033072
Pollegó Inferior,2444,42.235651,1.707025
el Cap de Comials,2440,42.656626,1.022769
Cap de la Pala del Tésol,2438,42.61477,1.040078
Torreta de l'Orri,2437,42.408192,1.215147
Cap de la Costa Verda,2436,42.28528,1.568835
Penyes Negres,2435,42.641679,1.187787
Tuc d'Ermèr,2432,42.805834,0.838614
Roca Plana,2432,40.99777,0.401485
Tuc dera Coma d'Auran,2428,42.76247,0.834538
Bony dels Estanyets de Colieto,2423,42.601691,0.895225
Pic de l'Àliga,2422,42.312804,0.761549
Cim de la Canal Mala,2421,42.388179,2.266977
Cap dels Curols,2417,42.672626,1.123246
Cap des Clòsos,2417,42.747556,0.93334
Bony d'Altars,2416,42.444473,1.017249
Roca de Colom,2414,42.481705,1.81922
Puig de la Mena,2413,42.317318,1.888337
Teso dera Mina,2412,42.68227,0.977773
Turó de la Ribera,2411,42.647488,1.29637
Puigllançada,2409,42.300483,1.935511
Puig d'Alp,2406,42.3219,1.906873
Bony de Trescul,2405,42.497967,1.399095
Escales de Pallars,2403,42.624407,1.299389
Cap del Serrat Gran,2402,42.310755,1.910184
Roca Verda,2399,42.286512,1.660296
Cap deth Malh de Cristalh,2399,42.82703,0.85099
Roca Verdà,2399,42.34962,1.177409
Roca del Port,2398,42.452684,0.870601
Cap de Coma Llobatera,2397,42.424924,1.037764
Bony de la Costa,2396,42.497227,1.407437
Tuc de Guilhèm,2393,42.75625,0.800197
Poi d'Estanho,2390,42.659294,0.815259
Cap del Ras de la Font Negra,2390,42.495992,1.327042
Roca del Mig,2388,42.290651,1.6101
Pedró dels Quatre Batlles,2386,42.18475,1.520875
Eth Tuc de Casa,2385,42.635584,0.769073
Cap de la Fesa,2382,42.282021,1.555289
Roca del Gònec,2382,42.29072,1.59137
Pala Portell,2381,42.505323,1.016763
Tossa Pelada,2379,42.19066,1.522457
Cap de Bedreda,2374,42.803631,0.837333
Roca de Coma-sarrera,2374,42.403018,1.217129
Puig dels Lladres,2374,42.423073,2.259265
Cap de Cabristà,2372,42.422767,1.039581
Tuc de Pèdescauç,2371,42.74798,0.945898
Cap d'Ermèr,2368,42.808394,0.83921
Bony de l'Orri,2363,42.596192,0.848412
Puig de Pastuira,2353,42.387292,2.27192
Tuc des Hemnes,2351,42.649008,0.79027
Tuc de Cauilha,2351,42.788551,0.80019
Roc de l'Espurga,2349,42.49244,1.334243
el Vulturó,2348,42.179605,1.522036
Roca de l'Ordiguer,2346,42.287544,1.656902
Ròca de Tolosa,2345,42.677418,0.722237
Roca Dreta,2343,42.382274,1.600926
Montanha d'Uishèra,2339,42.765633,0.73278
Punta Alta,2339,41.295605,0.673732
Tossal d'Estivella,2338,42.193383,1.540221
Pic de Llurri,2338,42.695288,1.328147
Tuc de Costarjàs,2337,42.736163,0.935709
Barracomica,2334,42.791956,0.767252
el Pilaret del Gespal,2332,42.467668,0.824529
la Gespeguera,2332,42.175134,1.504415
Puig de la Canal Freda,2331,42.31726,1.883314
Tuc des Bandolèrs,2331,42.772221,0.988953
Bony Moscater,2329,42.490636,1.39327
Causes,2329,42.699314,1.249793
Roc de Puigcerdà,2328,42.430158,1.73339
Roc del Llamp,2328,42.29255,1.743441
Cap des Cròdos,2328,42.750078,0.809836
Tudela,2327,42.604424,1.29513
Malh de Matotano,2326,42.671558,0.735973
Pic de la Pala de Ginebrell,2323,42.473252,0.859478
Malh Agut,2322,42.788267,0.787338
Cap de la Gallina Pelada,2321,42.189416,1.73805
Roc dels Eugassers,2317,42.401482,2.138845
Miranda de la Costa Blava,2316,42.691238,1.21955
Puig del Pradell de la Font Molsa,2314,42.326616,1.898975
Pic de la Tartera,2309,42.457242,0.814699
Bony d'Arquer,2306,42.488982,1.076633
Cap del Verdet,2303,42.244828,1.697517
Tossal de la Pala Gran,2303,42.428556,0.933899
Cap de Crabèra,2300,42.729532,0.891065
Tossal de l'Amorriador,2298,42.425711,1.738475
la Creu de Ferro,2296,42.181724,1.769396
Pic Carbonero,2296,42.554102,1.069287
Tossal de l'Orri,2293,42.499018,0.75191
Roc de la Barbera,2291,42.434507,1.570258
la Geperuda,2290,42.302689,1.942292
lo Calbo,2290,42.598547,1.179506
els Cantons Rois,2286,42.435279,0.907395
Tuc de Sacauva,2285,42.765764,0.740341
Cap del Verd,2284,42.200833,1.613694
lo Caubo,2284,42.63633,1.223397
Bony Cremat,2281,42.555627,0.909357
Serrat Voltor,2281,42.188136,1.777022
Tuc de Daugèr,2280,42.789918,0.793111
Bony de la Mina,2279,42.746264,1.059154
Rovinets,2279,42.668839,1.334299
Penyes Altes de Moixeró,2276,42.306291,1.842475
Bony de la Socarrada,2275,42.420221,1.227155
Montpius,2274,42.690769,0.741598
Montcorbau,2267,42.761898,0.817705
Trencacalders,2266,42.659569,1.220881
Cap de la Socarrada,2266,42.541551,1.088197
Tuc de Lia,2264,42.799438,0.823747
Tuc de Cuenques,2263,42.687104,0.741145
Tuc deth Miei,2257,42.739334,0.949348
la Pinosa,2256,42.490181,1.380165
Tossal Gros,2255,41.195999,0.336039
Rocs de Canells,2253,42.29928,1.90906
Cap dera Cometa des Calhaus,2253,42.771647,0.916074
Pui de Boet,2252,42.615609,1.382684
Cap de Prat d'Aubes,2252,42.197881,1.625155
Pui de la Missa,2248,42.592049,1.185935
Bony de Costa Llímpia,2246,42.489667,1.385861
Fontpedrós,2241,42.427478,1.566273
Cap d'Urdet,2240,42.196614,1.640468
l'Atalaiador,2237,42.362214,2.207241
Pic de les Pales del Port,2230,42.532328,0.764754
Tossalets del Pla,2229,42.434825,0.925499
Pic de Quartiules,2226,42.594541,1.080812
Pui d'Urdosa,2226,42.471203,1.248318
el Roc Roig,2225,42.381408,2.153429
Roc Roig,2225,42.106399,1.550007
les Pedrusques,2222,42.430605,1.544319
Cap de la Muntanyeta,2222,42.410624,1.044626
Tuc de Poilanèr,2221,42.723291,0.680158
Poi d'Unha,2220,42.722477,0.897704
Pujoblanco,2219,42.666756,0.822673
Bony de l'Ós,2218,42.445842,1.681942
Cap del Pouet,2217,42.433272,0.904471
Montalto,2217,42.467153,1.052683
Puig de les Graves,2217,42.347539,2.222431
Bony de la Basseta,2217,42.456182,0.930279
Roc de l'Ortigar,2215,42.400764,2.144019
la Bòfia,2214,42.143101,1.335217
Puig de les Morreres,2212,42.150965,1.539599
Pradell,2212,42.293312,1.762179
Roquetes Blanques,2209,42.672883,0.852894
Tuc de Meddia,2207,42.674919,0.825756
Bony dels Llorers,2207,42.482463,1.431281
Puig Cerverís,2206,42.337671,2.22282
Cap del Bosc de Burg,2205,42.492199,1.310375
Cap de la Travessa,2203,42.666265,1.119179
Pui Redó,2202,42.415851,0.99173
Paluc,2201,42.414572,1.585077
Cap de Porc,2199,42.402641,2.159134
el Cap de Porc,2199,42.003852,2.897854
lo Tuc,2198,42.662286,1.013146
Cap de les Costes de l'Huguet,2198,42.315338,1.948572
Pilar de la Pala,2198,42.423054,0.93295
el Tuc,2198,42.446681,0.803989
Roca Roia,2197,42.365179,0.760576
Cap de Bosc de Rei,2197,42.584961,1.355972
Cap de la Cana,2195,42.490016,0.754812
Turó de Costa-rèvol,2191,42.410037,1.60602
Tuc de Mieidia,2191,42.701794,0.737633
Ròca dera Entecada,2191,42.723046,0.685419
l'Eixida de Montenartró,2185,42.417221,1.245227
Cap deth Tiron,2184,42.794576,0.800221
els Bonys,2183,42.463809,1.282787
els Cloterons,2179,42.238167,1.626014
Tuc de Sanèla,2178,42.717509,0.834576
Tossal de la Moixa,2177,42.492797,0.753349
Tuc de Letassi,2176,42.703976,0.752437
Montcorbison,2173,42.707818,0.758684
Cap de la Canal Llisa,2171,42.187756,1.755849
Moró,2168,42.490176,1.044522
Cap dera Sèrra,2166,42.844362,0.743693
els Orris,2166,42.297685,1.901469
la Trona de Castell Cervós,2165,42.381457,2.183736
Cap de la Rocagran,2163,42.610782,1.190622
Tossal de Pamano,2161,42.457463,1.021631
Ticò Blanc,2161,42.672862,0.897889
Muntanyeta de Besan,2157,42.567032,1.290191
la Meda,2157,42.621388,1.360342
Cap de l'Obaga Erneda,2157,42.580269,1.351538
Tossal de l'Àliga,2156,42.3092,0.83838
Malh des Vivèrs,2154,42.685535,0.85291
Tuc Ròi,2153,42.708316,0.682389
Roca del Llamp,2149,41.110146,0.866968
Montagut,2149,42.189154,1.054036
Cap de l'Obaga de Companys,2142,42.182938,1.481478
Tuc de Campsaure,2142,42.734034,0.669948
Tossal de la Collada Gran,2141,42.446471,0.968354
Pla de Llet,2141,42.404635,1.632254
Tuc de Betlan,2141,42.80318,0.787381
la Trona de Guardiola,2136,42.381508,2.208966
Cap de la Devesa,2133,42.452511,1.373207
el Castell dels Moros,2132,42.190197,1.697501
lo Castell dels Moros,2132,42.03872,0.999702
Castell dels Moros,2132,42.195871,1.863532
Tuc de Socodonh,2130,42.736973,0.842401
Roca Gran de Ferrús,2128,42.183873,1.738463
Tuc d'Angost,2127,42.850422,0.679295
Cap de l'Escobedo,2123,42.595072,1.169917
Tossalet des Mentides,2122,42.554806,0.849957
lo Molló,2116,40.616489,0.430534
Malh Nere,2108,42.662628,0.826721
el Faro,2108,41.523702,0.618526
Mongetes,2106,42.440807,1.352622
l'Espluga del Feixar,2106,42.152944,1.546488
Pic d'Agüioles,2104,42.631508,1.273195
Roc de Setfonts,2103,42.252148,1.688614
Pedró de Fontalba,2102,42.368104,2.154336
Roques de les Maioneses,2101,42.377183,2.248934
Cap del Pont,2101,42.31073,1.862172
Pèires dera Mòrto,2100,42.759426,0.915543
Tuc de Coeisseca,2100,42.773088,0.740013
Piflorit,2096,42.480268,1.138424
Roc Roi,2095,42.441025,0.841378
Roca de la Feixa,2092,42.503598,0.838715
Moixeró,2090,42.299596,1.821816
Roca Gran,2088,42.615498,1.164454
Puig Cubell,2088,42.161762,1.91726
Era Trona,2087,42.750309,0.665258
Puig Sequer,2086,42.320957,1.859002
Bony dels Roures,2086,42.559952,0.822969
Roques Negres,2085,42.474254,1.036065
Cap de Juverri,2085,42.475623,1.285761
Pui de Cassibrós,2085,42.560717,1.264843
Tuc dera Montanheta,2085,42.67308,0.943083
Cap deth Solan,2084,42.713099,0.931101
el Pedró,2079,42.018071,1.328555
lo Pedró,2079,42.0478,0.741193
Roc Verd,2079,42.380734,2.207761
la Roca Negra,2077,41.467379,0.541225
Cap de Boumort,2077,42.235018,1.134659
la Comella,2076,42.323906,1.939218
Tuc d'Aubars,2072,42.751913,0.660896
la Creueta,2066,41.805244,0.885612
Serrat del Clot del Tou,2066,42.47166,0.83181
Bony de Comamaire,2065,42.469043,1.043623
Roc de Llumeneres,2065,42.560806,1.408087
los Collets,2064,42.380895,1.244223
Tossal del Duc,2063,42.519439,1.097198
Tossal de Riuposa,2063,42.501416,1.114418
Bony del Tamborí,2062,42.453819,1.032824
Corona del Pinar,2061,42.522462,0.801262
Cabrera,2061,42.445439,1.345971
Roca de la Piqueta,2058,42.48789,1.128695
Rasos de Baix,2057,42.137008,1.780354
Tossal de Perminyana,2053,42.486495,1.00547
Roca de la Moixa,2052,42.290772,1.77892
lo Tufello,2052,42.562197,1.30722
Roca del Corb,2052,41.115017,0.816871
Puiafalcons,2051,42.491699,0.855807
Pui de Migdia,2051,42.566461,1.277281
Pic de Noarre,2051,42.693267,1.243028
Tossal de Meians,2051,42.28698,2.076425
Bony Gros,2050,42.491371,0.85706
Costa Freda,2048,42.247091,1.634972
Cap del Boix,2045,42.418248,1.521014
Roca de Caputxo,2045,42.52909,0.852032
el Pilaret del Pla,2044,42.482887,0.848358
el Prat Llong,2044,42.268144,1.677769
Cap de Campmaior,2044,42.51603,1.113747
Tossal de Fontfreda,2042,42.482299,1.160507
Bony del Covil,2040,42.460506,1.394151
el Taga,2039,42.280763,2.2099
Roca Roja,2038,40.718,0.292991
Roc Ronyonal,2037,42.448149,1.339066
Cim de Pla Baguet,2035,42.298364,1.978807
Muntanya de Béixec,2035,42.294118,1.656871
Roca del Pilasso,2035,42.492035,0.953446
Bony de la Torredella,2034,42.46445,1.396008
Cap de la Peguera,2033,42.479795,1.24545
Pleta Roja,2031,42.307397,2.01381
Cap de Socorto,2029,42.627026,1.16675
Pla de la Bassa,2028,42.342291,2.003881
Turons,2026,42.410731,1.572402
Roca de Querdarenes,2026,42.299751,1.743917
els Turons,2026,41.644715,1.284497
Era Sèrra de Naut,2025,42.672808,0.807122
Bony del Peçó,2025,42.394739,1.187135
Serrat de Ca la Forners,2024,42.479886,0.991592
Pui de Pouet,2022,42.551689,1.202086
Tossal de la Pleta dels Alls,2021,42.438734,0.83787
Bony de la Pleteta,2018,42.441403,0.885841
Tuc de Bedurt,2017,42.809232,0.66857
Turó de Prat Agre,2017,42.301995,1.804678
Cap del Solà de Norís,2016,42.576027,1.35154
Pic de Jordana,2016,42.54299,1.346807
Pui de Finestrelles,2015,42.554826,1.122554
Roca Escura,2014,42.442967,0.805213
Cap des Ticòs,2014,42.750559,0.906786
Puial de la Sellera,2014,42.682314,1.040336
Cap de Baladredo,2014,42.463499,1.238632
Cap de l'Orri Vell,2013,42.47217,1.318906
Roca de Rovellosa,2013,42.412133,1.025001
Puig Estela,2013,42.284319,2.254004
Pic Rossell,2010,42.547776,1.106251
Pedra Picada,2010,42.296119,2.05084
Bony del Raset,2008,42.427709,1.255632
Malh de Cigalèra,2007,42.846978,0.683989
Bony del Pletiuet,2007,42.507494,1.10675
Puig Rodó,2006,42.555793,1.290791
Roc Xic,2005,42.402588,1.59192
Roca de l'Àliga,2000,40.701238,0.330903
Tossal de la Llobarçana,2000,42.492835,0.861195
Tossal del Cogomar,1996,42.423346,0.856693
la Moixera,1995,42.30733,2.025932
Roc de Farinoles,1994,42.396303,1.641949
Turó de la Guàrdia,1994,42.309807,0.858221
l'Home Mort,1990,42.298422,1.987346
Puig Sistra,1989,42.380642,2.342852
Torroella de Dalt,1989,42.352884,2.265433
Turó del Mig,1989,41.251185,1.84294
Tossal de la Pia,1988,42.33985,1.911673
la Redona,1986,42.551588,0.868568
Tossalet Roi,1983,42.423863,1.069643
Serrat de la Quintó,1983,42.495651,1.119775
Cap del Ginebrar,1981,42.32828,1.976539
Bony de Sobre les Bordes,1979,42.471072,1.268745
la Fita Alta,1978,41.613148,0.843055
Fita Alta,1978,42.442752,1.043907
Turó de la Portella,1977,42.434075,1.296279
Bony de la Font de la Tosca,1976,42.496302,0.859288
Puig de les Agudes,1974,42.362952,2.317862
Cap de les Roques,1970,42.153744,1.467495
les Piques,1969,42.321048,1.175904
Roques Feres,1967,42.455825,1.837986
l'Escomelleda,1966,42.620708,1.198187
l'Emperadora,1962,42.291087,2.064319
Roc Gros,1959,42.402619,1.586378
el Roc Gros,1959,41.825225,2.203616
Roca Llisa,1958,42.025911,0.687192
Pic del Pla d'Arides,1958,42.562256,1.180074
Cap del Bosc de Mallolís,1958,42.475037,1.27012
la Creuilla,1953,42.430848,1.294227
Turó dels Collars,1953,42.433978,1.307333
Serrat de les Estelles,1952,42.137615,1.796109
Tuc de Saublanca,1952,42.793867,0.656528
Tuc des Tres Corets,1949,42.824329,0.670118
Roca d'Auró,1948,42.127115,1.787597
Turó de la Parcel·la,1947,42.286552,2.262347
Roca d'en Carbassa,1947,42.202596,1.589211
Cim d'Estremera,1947,42.337402,2.124267
Turó de la Palomera,1946,42.416371,1.55532
Tossal de la Cabana dels Caçadors,1943,42.626871,1.074441
Tossal dels Jugadors,1943,42.299425,1.633478
Turó de Pradal,1942,42.4155,1.500782
Tossal de Caners,1942,42.24683,1.158372
Pic de l'Ordi,1939,42.244854,1.161496
Pic de Boliera,1939,42.581734,1.099642
Puig de Coma d'Olla,1938,42.282434,2.238502
Pèl-de-ca,1938,42.319756,2.260733
Serrat de l'Hospital,1937,42.13456,1.795877
Turó dels Pujols,1936,42.431575,1.632617
Cap de Pèirahita,1932,42.809038,0.782036
Bony de la Culla,1931,42.41807,1.264298
el Galliner,1928,42.438131,1.340704
Tossal d'Urdiet,1928,42.176964,1.464282
Cingle Rodó,1927,42.379565,2.200305
Cap de Confós,1923,42.162185,1.796164
Cap dera Tòra,1923,42.819703,0.668029
Pui-redó,1921,42.531566,0.843887
Roc de Cadena,1918,42.455114,1.789328
Turó Gros,1917,42.435322,1.32467
Cap del Solà de la Coma d'Orient,1916,42.262396,1.12859
Tuc de Maria Casteràs,1914,42.706863,0.941882
Tossal del Puial,1913,42.341809,1.133022
Tossal d'Orriols,1913,42.293409,1.993929
Fiteri,1913,42.488265,1.061373
Bony de Santa Bàrbara,1911,42.526632,1.150367
Serrat del Paravent,1910,42.301793,2.040006
Puig d'en Bullici,1910,42.319271,2.267887
Roca Escorxada,1910,42.428099,1.769292
Pic d'Escobedo,1909,42.641286,1.135813
el Puig,1906,41.042505,0.242219
lo Puig,1906,41.044202,0.875607
Turó del Montsec,1903,42.319788,1.847482
Turó de la Portella d'Ogassa,1902,42.278343,2.219426
Roca del Millet,1901,42.253138,1.635351
Cap dels Plans del Ginebrar,1901,42.305046,2.037057
la Pedra dels Tres Bisbats,1899,42.294246,2.278342
Tuc dera Gossetèra,1896,42.782754,0.645933
Turó de Collet Jussana,1895,42.301356,1.63306
la Calbera d'Irgo,1895,42.442875,0.787331
Puig del Pla de les Pasteres,1894,42.29495,2.290065
Roca de Senyús,1894,42.215089,1.184057
Roca del Llossàs,1893,42.428232,1.766554
Roc dels Quatre Alcaldes,1893,42.258105,1.151097
Roc Punxegut del Ras,1891,42.374595,2.16512
Peransalt,1891,42.453001,1.848241
Roc del Campanar,1891,42.296139,1.600699
Tossal Negre,1890,42.253983,1.155181
Tossal del Puig,1890,40.93779,0.429114
Cap de Calbar,1889,42.644475,1.134754
Pala del Teller,1889,42.316864,0.809469
Puig de la Torroella,1886,42.352845,2.269209
el Cabanot de Torlla,1886,42.439734,0.898407
Roca de la Cremada,1885,42.549246,0.917012
Bony de Piquerabedre,1880,42.490605,1.120729
lo Casterilló,1876,42.41958,0.853685
Puig Galliner,1876,42.287911,1.516474
Roc del Paraigua,1876,42.311516,1.20877
Cap del Solà,1875,42.251285,1.366789
les Pantalles,1874,42.340967,1.12285
Cap de la Guàrdia,1874,42.196846,1.483034
Cap dels Plans,1871,42.177915,1.65093
Turó de l'Avetosa,1871,42.319278,1.743298
Roca de Migdia,1870,42.0366,0.688037
Cogulló d'Estela,1869,42.121606,1.787085
Miravall,1866,41.518982,0.810558
la Corona Alta,1863,42.315967,1.154403
Roc de la Calç,1855,42.364942,2.194224
Tossal de la Guilla,1853,42.420326,1.681699
Pendís,1851,42.294245,1.79734
Puig de Sant Amand,1851,42.265372,2.207327
Ròca de Sacòsta,1851,42.716518,0.755086
Tossal de Cabrit,1850,42.219036,1.174579
la Cogulla,1848,41.191536,0.656722
Roc Rodó,1848,42.562959,1.436892
el Roc Rodó,1848,42.371785,2.17004
Cap de Pla Redon,1846,42.275532,1.267015
Cap de la Serra,1846,41.996744,0.72745
Bony de la Sovinyera,1845,42.605515,1.089228
Tossal de la Pala,1843,42.416078,0.896974
Tossal de Sant Pere,1840,42.429573,0.881108
l'Avedoga d'Adons,1839,42.314131,0.838187
Bacanella,1838,42.272365,1.520525
Tossal de Sarviscué,1836,42.425926,0.864651
Roques del Mònec,1836,42.2526,1.628719
Roc dels Llamps,1834,42.201581,1.718282
Tossal de Sant Quiri,1834,42.40649,0.843851
Tossal de Sant Esperit,1832,42.551474,0.911773
Bony dels Cóms,1831,42.230112,1.110011
Roca de Sant Joan,1828,42.429021,0.998129
Roques Agudes,1828,42.306548,1.194618
Punta Barruera,1826,42.341082,1.166099
el Codó,1825,42.48378,0.794917
lo Codó,1825,42.023114,0.853742
Turó de Sant Miquel,1824,42.386836,1.265972
lo Tossal Alt,1824,42.221421,1.269126
Tossal Alt,1824,42.309562,1.223846
el Far,1824,42.133426,1.767972
lo Far,1824,41.161569,0.871403
Roc de la Meda,1822,42.572028,1.39524
el Faro d'Avall,1820,42.313991,0.83551
Bony del Solanet,1820,42.452038,1.043982
l'Artic,1820,42.314943,1.169188
Cap de la Boixassa,1819,42.288575,1.7986
Tossal de Badés,1818,42.323765,1.62499
Planellet del Solà,1817,42.455057,1.264371
Roc d'en Filatus,1816,42.294491,1.82105
Pui Alt,1816,42.56104,1.125889
Bony de Mollet,1815,42.336657,1.166434
el Corralet,1813,42.266241,1.16085
el Picalt,1804,42.264564,1.265885
Eth Cau de Naut,1804,42.805506,0.739616
lo Picalt,1804,42.167317,1.165692
Roca de la Pena,1803,42.326879,1.007416
Tossal de Cambrils,1802,42.155167,1.415838
el Pi Jagut,1801,42.253655,1.704718
Roca del Toron,1801,42.402147,2.36015
Ras del Tossal,1800,42.38891,1.596429
Roca de Sant Gervàs,1800,42.315532,0.81375
Puig Cornador,1799,41.678001,2.047844
Roc Raset,1798,42.486584,1.235368
el Castessillo,1797,42.543465,0.758669
Bony de Font de Macià,1797,42.232041,1.105785
Pi del Paraigua,1796,42.162221,1.81167
Roca-sança,1795,42.306558,1.875629
Roc Vermell,1795,42.293675,2.01935
el Montcau,1794,41.603554,1.815726
Montcau,1794,42.301474,1.260189
Sant Quir,1790,42.35353,1.169064
la Berruga,1787,42.27581,2.121955
la Rasa,1786,42.355725,1.220943
Turó de la Llacuna,1782,42.407876,1.756283
Pical Ras,1782,42.192008,1.136954
Turó de Savina Rodona,1782,42.547816,1.289084
Planalestop,1782,42.297943,1.212163
Tossal de Peirafita,1781,42.409292,0.937837
Serrat de Fontmentiró,1781,42.434072,0.89653
Castellet,1780,41.508965,1.712172
el Castellet,1780,42.526351,0.77831
Roc del Migdia de la Colilla,1780,42.197793,1.585261
el Serrat Negre,1779,42.09743,2.000697
Tossal del Castell de Termes,1778,42.253465,1.658486
Cap de la Ginebrera,1772,42.390833,1.007191
Roc de les Estoselles,1772,42.262161,1.75309
Roca Margalida,1770,42.392817,1.010445
Gotsfred,1767,42.260964,1.740007
Roques de la Palleta,1767,42.245704,1.613996
Roc de Sant Pere,1766,42.571687,1.397856
Roca de Santaló,1766,42.243953,1.557455
Roc de les Gralles,1762,42.276623,1.258763
Tossal de la Bigordana,1761,42.313243,1.181213
el Roc Petit,1760,42.377413,2.256547
Roc Petit,1760,42.2271,1.886044
Cap de Plan-de-riba,1759,42.191361,1.157694
Bony de l'Estalella,1758,42.431377,1.388026
Rocaferrís,1758,42.410715,0.892778
Roc de la Guàrdia,1757,42.40532,1.41296
la Caubella,1755,42.257241,1.259248
Cap de la Baga Alta,1755,42.199371,1.954046
Tossal de Codó,1754,42.4407,0.805304
l'Oratori,1754,42.201379,1.219491
Tossal Rodó,1753,41.824491,0.670631
Cap del Bosc de Baén,1752,42.320694,1.127179
Roc Cairat,1751,42.144727,1.540541
Roc del Fener de l'Ala,1751,42.408777,1.400563
el Bac Gran,1751,42.348341,1.884379
Cap de Carreu,1749,42.193582,1.123574
Pujagalet,1748,42.449467,1.437237
Puig Molar,1748,42.296097,2.071233
lo Cogulló,1745,41.884732,0.668395
Turó de l'Àliga,1743,42.597532,1.152659
Roques de l'Oratori,1743,42.364349,2.164284
les Roques Altes,1743,42.146553,1.021227
Roques Altes,1743,42.36235,1.94474
Roca del Carret,1742,42.409921,1.390265
la Tussa,1742,42.309952,2.059526
Roca de Llagunes,1742,42.358406,1.20745
Puig Moscós,1739,42.371112,2.373024
Bony de Sant Martí,1737,42.552539,1.304521
Roca de l'Orri,1736,42.43582,1.347743
Roc del Quir,1734,42.433467,1.80679
Turó de la Perdiu,1732,42.33667,1.945352
Puig Pedrós,1730,42.121851,0.964668
Turó de Comafornell,1729,42.362995,1.240326
Roc de la Clusa,1728,42.201785,1.926813
Roc Bataller,1725,42.604268,1.261404
Roques Llongues,1723,42.318777,1.699912
Tossal de l'Ereta,1722,42.530352,0.741143
Turó de Passavent,1720,42.275807,1.113278
Roca de les Ombres,1720,42.642031,1.140633
Tossal de Posa,1719,42.522253,0.73508
Roc del Batlle,1719,42.291873,2.005743
la Torreta,1718,40.623741,0.585793
Tossal de la Mata,1717,42.302097,1.579931
Serrat de l'Amorriador,1717,42.202277,1.94289
Roc de Salamó,1716,42.163447,1.763262
Cap de la Roureda d'Ambret,1716,42.40145,1.717417
Roc del Picassall,1715,42.207376,1.787384
Roca del Collar,1715,42.35514,1.173449
Serrat del Pastoret,1715,42.126379,1.77175
Pujansolons,1712,42.29862,1.19675
Turó de Lapaix,1712,42.357959,1.248432
Tossal de Sentúcia,1710,42.474672,0.745702
Tossal de Torena,1710,42.458109,1.073833
la Clusa,1708,42.212679,1.767802
Serrat de Montirol,1708,42.163405,1.777777
Roc de la Cabanada,1707,42.35311,1.285732
Turó de l'Home,1706,41.484742,2.248359
Puig de les Forques,1706,41.369106,1.459177
les Cortalets,1705,42.468328,1.225968
Roc de Peguera,1703,42.160702,1.771825
el Socarrat,1702,42.327621,0.814411
Roca de les Espases,1701,42.25296,1.661479
Roc del Pàrrec,1700,42.446727,1.326773
Tossal dels Pallers,1699,42.301771,1.229609
Turó del Batlle,1698,42.332253,1.718642
Matagalls,1697,41.808791,2.382702
Tossal de Maçaners,1697,42.044639,1.157917
Roc de Penalta,1696,42.245348,1.098478
la Capcera,1695,42.305044,0.886444
Roca Ventolera,1692,42.425428,0.994074
Tossal del Roure,1691,42.405562,1.428533
Pic de Lleràs,1691,42.269185,0.852601
Roca de Canalda,1690,42.130337,1.507829
Roca del Catllaràs,1688,42.203918,1.941203
Bony dels Clots,1687,42.235188,1.096735
Gallinova,1687,42.184691,1.077762
Serrat de les Cordes,1687,42.301257,1.184628
Roques de Tuiro,1686,42.402547,0.922894
Puig de Serreïnes,1686,42.262223,1.434911
Serrat del Camp de Dalt,1685,42.198757,1.944051
Cap de la Baga de Cabanelles,1684,42.193167,1.917366
Tossal de Segre,1683,42.503477,0.73504
Tossal dels Moros,1682,41.489275,0.524526
Roc Beneïdor,1681,42.371227,1.560509
Puig Sacarbassa,1681,41.786103,2.440794
les Pedranes,1681,42.350412,1.253741
Turó de l'Home Mort,1678,41.575002,2.161956
Pui Agut,1678,42.528387,1.160957
Cap des Agudes,1678,42.8266,0.689313
Turó del Catiu d'Or,1677,41.779899,2.432027
Tossal de Mirapallars,1676,42.02109,0.959009
Tossal de les Torretes,1676,42.022074,0.938444
Bony de Toirigo,1675,42.569962,0.843235
Sant Alís,1675,42.039858,0.766543
Roc de l'Àliga,1672,42.297676,1.287321
la Mua,1671,42.281481,1.508875
Puig de Sant Joan,1670,42.366744,2.376334
el Clot del Far,1670,42.261393,1.195229
Roc del Cento,1669,42.549517,1.178581
Santa Margarida,1669,42.161191,1.708119
Puig Sesolles,1667,41.773525,2.438196
la Roca Tallada,1666,42.429725,0.726017
Roca Tallada,1666,42.282103,1.830256
la Matella,1663,42.204298,1.666722
Cap de la Baga de Corró,1662,42.207072,1.955118
Bony de Corona,1661,42.435691,0.779973
Cap dels Emprius,1660,42.189452,1.911096
la Creu de Pedra,1659,42.303123,2.280643
Turó de la Bandera,1658,41.517234,2.224242
la Banderola,1656,42.325206,2.017355
Basera de Campi,1656,42.555145,1.165628
Sobrepuny,1655,42.167797,1.910729
la Creu,1654,42.290788,1.226363
Serrat de les Tries,1654,42.157075,1.70652
la Moixella,1652,42.263278,1.294255
Roca Seda,1651,42.292529,1.227139
Roc del Castellar,1650,42.249265,1.618755
Roca de Nedeu,1648,42.310491,1.62881
Tuc de Comagrana,1648,42.842775,0.761458
el Llobató,1646,42.206002,1.932859
la Peralta de Dalt,1644,42.284155,1.282254
Puig de Sant Pere,1643,42.268804,2.09654
Serrat de Fulleracs,1643,42.18966,1.909373
el Boixeral,1642,42.28861,1.228231
Pui Sidós,1641,42.38397,1.005052
Tossal de les Àligues,1641,42.25837,1.217258
Roca del Cortal,1641,42.208641,1.954389
Puig de l'Artiga del Rei,1640,42.39495,2.399808
lo Tossalet,1639,42.196636,0.721038
Roquesblanques,1639,42.297828,2.323697
el Tossalet,1639,41.18472,0.753955
Turó de Castellassos,1638,42.301373,1.567342
